item_id,avg_sentiment,review_count,weight,final_review_score
EX01,0.63074023,87,4.477336814,2.824036452
EX02,0.534747778,90,4.510859507,2.412172097
EX03,0.53145,30,3.433987204,1.8249925
EX04,0.664368852,122,4.812184355,3.197065398
EX06,0.401976923,52,3.970291914,1.595965727
EX07,0.803693023,43,3.784189634,3.041326807
EX08,0.961316667,6,1.945910149,1.870635858
EX09,0.847707317,41,3.737669618,3.168449884
EX10,0.708807143,70,4.262679877,3.021417945
EX100,0.336893939,33,3.526360525,1.188009489
EX101,0.770805,60,4.110873864,3.168682129
EX102,0.631374699,83,4.430816799,2.797505622
EX103,0.61385,52,3.970291914,2.437163691
EX104,0.513955769,52,3.970291914,2.040554435
EX105,0.726241748,103,4.644390899,3.372950563
EX106,0.319053947,152,5.030437921,1.604981076
EX107,0.441183673,49,3.912023005,1.72592068
EX108,0.360926316,38,3.663561646,1.322275808
EX109,0.576542857,35,3.583518938,2.066052247
EX11,0.682525385,130,4.875197323,3.327445928
EX110,0.624042308,52,3.970291914,2.477630128
EX111,0.354695833,24,3.218875825,1.141721843
EX112,0.688312857,70,4.262679877,2.934057365
EX113,0.674976,50,3.931825633,2.653887938
EX114,0.859742636,129,4.86753445,4.184826898
EX115,0.55386129,124,4.828313737,2.674216077
EX116,0.864929167,144,4.976733742,4.304522169
EX117,0.544547059,51,3.951243719,2.151638146
EX119,0.631308696,46,3.850147602,2.430631661
EX12,0.750888889,36,3.610917913,2.711398139
EX120,0.635244068,59,4.094344562,2.600908095
EX121,0.624402326,43,3.784189634,2.362856808
EX122,0.629564,50,3.931825633,2.475335873
EX123,0.663312766,47,3.871201011,2.56781705
EX124,0.828631429,210,5.351858133,4.434717851
EX125,0.76134878,41,3.737669618,2.845670206
EX126,0.734039063,64,4.17438727,3.064163318
EX127,0.830768293,41,3.737669618,3.105137407
EX128,0.393332558,43,3.784189634,1.488444989
EX129,0.652955102,49,3.912023005,2.554375381
EX13,0.3960125,120,4.795790546,1.899193003
EX130,0.579935135,37,3.63758616,2.109564021
EX131,0.546625424,59,4.094344562,2.238072831
EX132,0.787433803,71,4.276666119,3.367591465
EX133,0.604415385,52,3.970291914,2.399705514
EX134,0.499213333,30,3.433987204,1.714292199
EX135,0.558545283,53,3.988984047,2.228028223
EX136,0.45947875,80,4.394449155,2.019156005
EX137,0.85135,20,3.044522438,2.591954177
EX138,0.869526563,64,4.17438727,3.629740613
EX139,0.683501923,104,4.65396035,3.180990849
EX14,0.610758696,46,3.850147602,2.351511127
EX140,0.754265649,131,4.882801923,3.68292976
EX141,0.847915,60,4.110873864,3.485671613
EX142,0.822024731,93,4.543294782,3.734700672
EX143,0.679788571,35,3.583518938,2.43603522
EX144,0.572778846,104,4.65396035,2.665690039
EX145,0.644763636,44,3.80666249,2.454397549
EX146,0.7859125,112,4.727387819,3.715313179
EX147,0.266882927,41,3.737669618,0.997520207
EX148,0.563106098,82,4.418840608,2.48827609
EX149,0.643914019,107,4.682131227,3.014889934
EX15,0.425458696,46,3.850147602,1.638078777
EX150,0.38024375,80,4.394449155,1.670961826
EX151,0.732514876,121,4.804021045,3.51901688
EX152,0.633473737,99,4.605170186,2.917254369
EX153,0.492121519,79,4.382026635,2.156489604
EX154,0.658494118,51,3.951243719,2.601870746
EX155,0.692968675,83,4.430816799,3.070417245
EX156,0.548614286,182,5.209486153,2.857998525
EX157,0.61186,40,3.713572067,2.272186205
EX158,0.590008571,35,3.583518938,2.11430689
EX159,0.674743478,46,3.850147602,2.597861985
EX16,0.821268539,89,4.49980967,3.695552115
EX160,0.363314815,81,4.406719247,1.601026387
EX161,0.49375873,63,4.158883083,2.05348483
EX162,0.592575962,104,4.65396035,2.757825029
EX163,0.626373387,124,4.828313737,3.02432723
EX164,0.297740625,32,3.496507561,1.041052347
EX165,0.565158025,81,4.406719247,2.490492745
EX166,0.801855,20,3.044522438,2.441265539
EX167,0.205940426,47,3.871201011,0.797236784
EX168,0.689273171,41,3.737669618,2.576275389
EX169,0.192966667,15,2.772588722,0.535017204
EX17,0.765545,20,3.044522438,2.33071893
EX170,0.404300962,104,4.65396035,1.881600645
EX171,0.459953333,75,4.33073334,1.991935236
EX172,0.578253333,60,4.110873864,2.377126515
EX173,0.763595,60,4.110873864,3.139042728
EX174,0.759865714,35,3.583518938,2.722993178
EX175,0.429671875,32,3.496507561,1.50235096
EX176,0.780073333,30,3.433987204,2.678761845
EX177,0.462782759,29,3.401197382,1.574015507
EX178,0.538321687,83,4.430816799,2.385204773
EX179,0.730143333,30,3.433987204,2.507302864
EX18,0.446884314,51,3.951243719,1.765748838
EX180,0.58552,40,3.713572067,2.174370716
EX181,0.760515,20,3.044522438,2.315404982
EX182,0.813360465,43,3.784189634,3.077910241
EX183,0.312153704,54,4.007333185,1.250903896
EX184,0.638143333,90,4.510859507,2.878574922
EX185,0.70013,40,3.713572067,2.599983211
EX186,0.257358741,143,4.9698133,1.279024895
EX187,0.701970588,51,3.951243719,2.773656877
EX188,0.485263158,38,3.663561646,1.777791494
EX189,0.840329078,141,4.955827058,4.164525582
EX19,0.721351923,104,4.65396035,3.357143249
EX190,0.283307317,123,4.820281566,1.365621038
EX191,0.6507475,40,3.713572067,2.416597738
EX192,0.696318018,111,4.718498871,3.285575782
EX193,0.575014545,55,4.025351691,2.314635773
EX194,0.617087898,157,5.062595033,3.124066128
EX195,0.534957692,130,4.875197323,2.60802431
EX196,0.433032258,31,3.465735903,1.500775444
EX197,0.909094521,73,4.304065093,3.912801992
EX198,0.63263,40,3.713572067,2.349317097
EX199,0.787410976,82,4.418840608,3.479443594
EX20,0.790171429,49,3.912023005,3.091168807
EX200,0.613774603,63,4.158883083,2.552616814
EX201,0.644367816,87,4.477336814,2.885051745
EX202,0.864201299,77,4.356708827,3.765073426
EX204,0.4803325,40,3.713572067,1.783749355
EX205,0.579905,20,3.044522438,1.765533784
EX206,0.643505,20,3.044522438,1.959165411
EX207,0.460554902,51,3.951243719,1.819764663
EX208,0.247746667,30,3.433987204,0.850758883
EX209,0.506172,50,3.931825633,1.990180044
EX21,0.540453333,75,4.33073334,2.34055927
EX210,0.613908451,71,4.276666119,2.625481471
EX211,0.713332203,59,4.094344562,2.920627828
EX212,0.620240741,81,4.406719247,2.73322681
EX213,0.534707843,102,4.634728988,2.478225941
EX214,0.74924,20,3.044522438,2.281077991
EX215,0.520994286,35,3.583518938,1.86699289
EX216,0.897313592,103,4.644390899,4.167475081
EX217,0.7327,51,3.951243719,2.895076273
EX218,0.65040814,172,5.153291594,3.351742798
EX219,0.619060317,63,4.158883083,2.574599482
EX22,0.806616346,104,4.65396035,3.753960493
EX220,0.898675625,160,5.081404365,4.566534244
EX221,0.599758,100,4.615120517,2.767955451
EX222,0.467020192,104,4.65396035,2.173493458
EX223,0.612165957,47,3.871201011,2.369817473
EX225,0.80131,40,3.713572067,2.975722433
EX226,0.516788235,51,3.951243719,2.041956269
EX227,0.674106667,30,3.433987204,2.314873668
EX228,0.575442308,104,4.65396035,2.678085684
EX229,0.492547436,78,4.369447852,2.152160336
EX23,0.68316,20,3.044522438,2.079895949
EX231,0.839678571,42,3.761200116,3.15819914
EX24,0.8297625,40,3.713572067,3.081382842
EX25,0.47196,130,4.875197323,2.300898129
EX26,0.75985,20,3.044522438,2.313380374
EX27,0.285467742,31,3.465735903,0.989355802
EX28,0.560362903,124,4.828313737,2.705607904
EX29,0.911228261,92,4.532599493,4.130232753
EX30,0.606537624,101,4.624972813,2.80522002
EX31,0.600166667,48,3.891820298,2.335740816
EX32,0.805758824,51,3.951243719,3.18374949
EX33,0.657032143,56,4.043051268,2.656414638
EX34,0.405752778,72,4.290459441,1.740865836
EX35,0.694423077,39,3.688879454,2.561643021
EX36,0.6049675,40,3.713572067,2.246590409
EX37,0.733756028,141,4.955827058,3.636367979
EX38,0.48709881,84,4.442651256,2.164010138
EX39,0.580188889,36,3.610917913,2.095014452
EX40,0.570858065,31,3.465735903,1.97844329
EX41,0.797446032,63,4.158883083,3.316484811
EX42,0.665385,40,3.713572067,2.47095515
EX43,0.685206383,47,3.871201011,2.652571642
EX44,0.886335,120,4.795790546,4.250677013
EX45,0.747278947,57,4.060443011,3.034283579
EX46,0.5154,56,4.043051268,2.083788623
EX47,0.551431707,41,3.737669618,2.061069539
EX48,0.504758824,51,3.951243719,1.994425131
EX49,0.495478626,131,4.882801923,2.419323987
EX50,0.630875,4,1.609437912,1.015354143
EX51,0.761995,20,3.044522438,2.319910875
EX52,0.753805,20,3.044522438,2.294976236
EX53,0.56311,20,3.044522438,1.71440103
EX54,0.409302273,44,3.80666249,1.558075609
EX55,0.359060733,191,5.257495372,1.887760142
EX56,0.821741304,46,3.850147602,3.163825312
EX57,0.50636383,141,4.955827058,2.509451569
EX58,0.637739216,51,3.951243719,2.51986307
EX59,0.587291566,83,4.430816799,2.602181338
EX60,0.693384314,51,3.951243719,2.739730414
EX61,0.829859191,272,5.609471795,4.655071727
EX62,0.767615152,33,3.526360525,2.706887768
EX63,0.750296667,30,3.433987204,2.576509153
EX64,0.535937931,29,3.401197382,1.822830688
EX65,0.736501961,51,3.951243719,2.910098746
EX66,0.685184783,46,3.850147602,2.638062547
EX67,0.688792857,28,3.36729583,2.319369316
EX68,0.715153247,77,4.356708827,3.115714463
EX69,0.855921667,60,4.110873864,3.518586009
EX70,0.724958416,101,4.624972813,3.352912964
EX71,0.219563636,176,5.176149733,1.136494258
EX72,0.667389423,104,4.65396035,3.106003913
EX73,0.625,42,3.761200116,2.350750072
EX74,0.451402439,41,3.737669618,1.687193182
EX75,0.4557,39,3.688879454,1.681022367
EX76,0.535117778,90,4.510859507,2.413841115
EX77,0.529254,50,3.931825633,2.080934443
EX78,0.671439535,43,3.784189634,2.540854528
EX79,0.71845,20,3.044522438,2.187337145
EX80,0.658213636,44,3.80666249,2.50559716
EX81,0.710668852,61,4.127134385,2.933025857
EX82,0.667175,16,2.833213344,1.890249113
EX83,0.569115267,131,4.882801923,2.778877121
EX84,0.541120139,144,4.976733742,2.693010854
EX85,0.441087097,31,3.465735903,1.528691388
EX86,0.456755333,150,5.017279837,2.291669324
EX87,0.616185366,41,3.737669618,2.303097321
EX88,0.380518987,79,4.382026635,1.667444338
EX89,0.660925,52,3.970291914,2.624065183
EX90,0.591088235,51,3.951243719,2.335533677
EX91,0.478680576,139,4.941642423,2.365468239
EX92,0.486611111,90,4.510859507,2.195034357
EX93,0.700936364,22,3.135494216,2.197781914
EX94,0.697502469,81,4.406719247,3.073697556
EX95,0.28357,50,3.931825633,1.114947795
EX96,0.451302667,75,4.33073334,1.954471505
EX97,0.429668947,190,5.252273428,2.256738795
EX98,0.522394915,59,4.094344562,2.138864781
EX99,0.635757143,42,3.761200116,2.391209839
