item_id,title,hybrid_score,tfidf_normalized,sbert_normalized,review_normalized
EX124,Malaysia Batik Canting Workshop,0.969395782,0.943996308,0.9870254,0.952663699
EX127,Malaysian Batik Experience – Handkerchief,0.925943796,1,0.98642725,0.667043945
EX32,Cwoks Batik workshop,0.881453876,0.778670375,1,0.68393135
EX157,Pakmud Batik,0.866959558,0.947768688,0.96799165,0.488109816
EX10,Batik Coloring Workshop in Kuala Lumpur,0.818339286,0.78579905,0.89468664,0.649059375
EX133,Maskamal Batik & Trading,0.810803813,0.728095572,0.95578045,0.515503445
EX141,MyBatik Art Gallery,0.80378735,0.689005578,0.8759599,0.748790098
EX09,Batik Boutique Corporate Services and Workshop Studio,0.789320753,0.461108002,0.9780269,0.680644697
EX11,Batik House MY,0.788550666,0.530954021,0.9324584,0.714800141
EX69,Jadi Batek - Batik fashion gifts wholesaler retailer,0.774723554,0.612123868,0.8554917,0.755860751
EX12,Batik Wau Bulan (A Malaysian Heritage Kite) Making Workshop,0.750825287,0.671052797,0.84830886,0.582461087
EX145,Natural Batik Village,0.748453274,0.68864546,0.85607535,0.527252359
EX140,myBatik (by appointment),0.744624458,0.559876964,0.81167674,0.791164987
EX152,Oh Dayang,0.716990354,0.567454647,0.81780016,0.626683012
EX150,Nordin Batik Sdn. Bhd,0.713418332,0.55598949,0.9138726,0.358955119
EX04,Asrina Craft Enterprise,0.704038014,0.455135283,0.8234469,0.686791866
EX104,KT Kraf,0.684026005,0.449069692,0.88016075,0.438350804
EX73,Juliana Native Handwork & Bead Art Workshop,0.562742647,0.392453002,0.66114914,0.504986864
EX113,Lambo Sari,0.556379093,0.316127137,0.6605926,0.570106777
EX174,Pottery Workshop in George Town Penang,0.54748952,0.412882917,0.59505165,0.584951927
EX182,Royal Selangor Pewter Workshop (KL),0.500016239,0.195947317,0.57961893,0.661195019
EX112,Labu Sayong Xtream Craft Deco N Pottery,0.497491574,0,0.6753328,0.630292622
EX179,Rini Craft – Beg Kraftangan Anyaman,0.493852784,0.146309986,0.6355487,0.53861745
EX131,Mariwansa Kraftangan Sdn Bhd,0.489337674,0,0.71487516,0.4807816
EX185,Rustic Borneo Craft Ent,0.483479804,0,0.67595345,0.558526992
EX58,Hayat Creative Craft,0.480148192,0.160848044,0.6030419,0.541315627
EX172,Pottery Making at Win Kraf Labu Sayong,0.479813949,0.147655846,0.6195807,0.510653037
EX181,Ronna Creativa Rattan Craft,0.475121497,0,0.6829867,0.497394051
EX197,Step Into Batu Caves,0.459683085,0,0.5301343,0.840546016
EX173,Pottery Making Class in Kuala Lumpur,0.456383101,0.136217559,0.5226604,0.674327467
EX26,Cenderamata Kayu by Kayu Warisan,0.454211745,0.115484221,0.59263426,0.496959125
EX216,Traditional Nyonya Dessert Cooking Class in Melaka,0.447062461,0,0.48729363,0.895254751
EX94,Kek Lapis Warisan Sdn Bhd,0.442979441,0,0.5653117,0.660290053
EX226,Wooden Artwork KWM Craft,0.432807576,0,0.62741303,0.438651945
EX103,Kraftangan Kuala Kangsar No. C-1,0.429841514,0,0.59114814,0.523550191
EX146,Nazlina Spice Station,0.427103544,0.155775382,0.41551888,0.798121575
EX44,Explore Kampung Baru with a Local,0.425562523,0,0.44170344,0.913128146
EX210,The Art Attic,0.424461938,0,0.5666564,0.564004515
EX77,Kalimi Wau Bulan,0.424068575,0.121061409,0.55345124,0.447025216
EX68,Ilham Ceramic Studio,0.420632491,0,0.52139866,0.669316102
EX74,Kadaiku • Sabah Souvenirs & Handicrafts,0.420097906,0,0.6320173,0.36244193
EX92,Kek Lapis Mama Su (Bangi),0.418946093,0,0.59025246,0.471536098
EX54,Galeri Wau Pak Sapie and Sons,0.418825864,0,0.63979065,0.334704963
EX130,Maria Kek Lapis Sarawak,0.417530974,0,0.5943562,0.453175406
EX89,Kedai Jala Mad Rezeki,0.41714613,0,0.5534656,0.563700269
EX191,Segong Handicraft,0.407151651,0,0.5515004,0.519132224
EX135,MIe Wau Sering,0.405505154,0,0.5632371,0.478623822
EX25,Cencol Sagu Rumbia,0.405091121,0,0.55679196,0.494277696
EX14,BeadStory & Crafts,0.403791834,0,0.5504759,0.505150353
EX90,Kedai Kraftangan Lina Madu,0.403475108,0,0.5511482,0.501718086
EX206,Tanjak Warisan Yusoff,0.403283616,0,0.58020043,0.420866858
EX111,Labu Sayong Kraf Hanis,0.40213526,0.073839772,0.6084045,0.245264071
EX116,Learn Authentic Malaysian Vegan Cooking,0.401321873,0,0.39342335,0.924695133
EX205,Tanjak Warisan Tokwan,0.400216153,0,0.589749,0.379271016
EX91,Kek Lapis Dayang Salhah,0.39974733,0,0.542032,0.508148612
EX176,Pusat Manik Seramik Long Tuma (Handmade Ceramic Beads Lawas),0.398441099,0,0.51518375,0.575450176
EX153,Ole Ole Melaka,0.398231803,0,0.5556011,0.463255935
EX215,Traditional Music Instrument Maker and Supplier,0.396899822,0,0.5757937,0.401066407
EX126,Malaysia Heritage Studios,0.395124784,0,0.47904798,0.658241913
EX166,Perniagaan Benang Serat Nanas M&Z,0.389974242,0,0.5183418,0.524431348
EX93,Kek Lapis Mua Izzaty,0.388488029,0,0.53465956,0.472126326
EX53,Galeri Terompah Mastor,0.387926914,0,0.5713992,0.368286705
EX123,Maklang Cafe by Ilham Ceramic Studio,0.385743991,0,0.50076467,0.551617075
EX51,Galeri Tekatan Benang Emas,0.382769757,0,0.51472247,0.498362004
EX86,Kareem Pasembur Rojak,0.381999104,0,0.51552737,0.492295169
EX17,Bonita and Beads Sarawak,0.379050851,0,0.5071165,0.500683785
EX190,Sarawak Handicraft Centre,0.378828493,0,0.582102,0.293361975
EX158,Pandan Molek Enterprise,0.378649805,0,0.5232926,0.454194267
EX156,Paklim Gift & Souvenir,0.377776282,0,0.46361005,0.613953703
EX193,Selling Craft by Orang Asli,0.376010598,0,0.50284517,0.497228809
EX132,Masala Medley Cooking Class,0.375835106,0,0.4202732,0.723424184
EX121,Mah Meri Cultural Village,0.375517395,0,0.49818158,0.507587626
EX46,Fatimah Songket Terengganu,0.374685589,0,0.5184689,0.447638349
EX207,Tekat Benhafni,0.374569394,0.084743707,0.50036234,0.390920864
EX214,Traditional Instrument Gambus by Habis Kreatif Enterprise,0.374443328,0,0.50261694,0.490019945
EX88,Kedai Belacan Cincaluk Sri Murni,0.373021397,0,0.54796636,0.358199494
EX39,Dodol Warisan Hajah Tijah (Uncle D) Dodol Melaka,0.371805596,0,0.5123557,0.450049876
EX168,"Perusahaan Abdullah Sekeluarga, Pusat pengumpulan dan jualan Mempelam Harumanis",0.36989058,0,0.47127953,0.553434091
EX06,Azydar Enterprise,0.368318214,0,0.54499876,0.342844498
EX81,Kampung Budaya Terengganu,0.367215563,0,0.4385479,0.630071034
EX136,Mira Cake House (Kek Basah Sarawak),0.367112811,0,0.5097491,0.433754005
EX128,Mamamidah – Authentic Dodol Manufacturer,0.367015823,0,0.55102986,0.319746951
EX109,Kuih Sopang Frozen,0.366872753,0,0.50564927,0.443828231
EX75,Kak Yah Budu Tempayan,0.364971089,0,0.53226876,0.361116319
EX110,Labu Sayong BD KRAF,0.363547845,0,0.4674531,0.532243169
EX213,Traditional Dance Workshop,0.363038781,0.275300945,0.3413442,0.532371161
EX122,Makanan Tradisional Melaka (CekPah Chickeboom),0.362828671,0,0.46632475,0.531750318
EX64,Homemade Kuih Bakar Melaka Semabok,0.362543928,0,0.51677823,0.391579506
EX107,Kuih Bakar Kuala Ina,0.36119158,0,0.5218896,0.370761351
EX23,Busana & Tanjak Pengiran,0.361023346,0,0.49393257,0.446802127
EX98,Khairol Fiber Group,0.359447345,0,0.4864607,0.45946978
EX108,Kuih Bakar Tradisional Bandar Melaka,0.359320109,0,0.55001813,0.284050576
EX15,Bekang Tradisional Hujung Tanjung (Pok Weil),0.35845935,0,0.5237838,0.3518912
EX57,Handicraft Market,0.358031009,0,0.4549367,0.539079034
EX63,Homemade Coklat Nise,0.35662947,0,0.4471502,0.553484308
EX80,Kampung Budaya Sarawak,0.356618092,0,0.45266888,0.538251032
EX99,KHN Harum Manis,0.356015219,0,0.46050826,0.513678409
EX180,Rong Reng Miri Sarawak,0.354852732,0,0.47533327,0.467097146
EX16,Biking through Malay Countryside,0.35210425,0,0.35150716,0.793876514
EX209,Terengganu Songket,0.351771541,0,0.4841194,0.427529405
EX07,Baba Nyonya Heritage Museum,0.351544408,0,0.40159485,0.653336186
EX87,Kebun Limau Agro Cikgu Ibrahim,0.351246562,0,0.45872095,0.494750126
EX231,Mari Mari Cultural Village,0.350114732,0,0.38986582,0.678442637
EX20,Borneo Tree House,0.3482582,0,0.39172646,0.664043217
EX187,Sabahan Local Food Cooking Class at Kinarut,0.347159049,0,0.4145308,0.595835476
EX52,Galeri Tenun Pahang,0.347023317,0,0.45167673,0.493005558
EX125,Malaysia Games Festival @ Putrajaya 2025 (FPM@Putrajaya 2025),0.344899213,0,0.40479663,0.61130534
EX36,Dayak Bidayuh Traditional Costume,0.344679129,0,0.4511943,0.482611341
EX162,Penang Homecooking School,0.341753022,0,0.4059384,0.592434487
EX18,Borneo Cultural Village,0.340886138,0,0.48185945,0.379317214
EX49,Floating Market Sri Tanjung Tumpat,0.340681393,0,0.43043238,0.519717875
EX204,Tanjak Warisan by Tanjak Lestari Balong Ayam Songket,0.339676225,0,0.47825345,0.383184075
EX212,The Rimba Lavender Heights,0.336897255,0,0.39903125,0.587150311
EX188,Sahabat Gamelan (SAGA),0.33265444,0,0.465952,0.381904211
EX59,Herbal Nasuha,0.330705928,0,0.39801106,0.558999193
EX114,Langkawi Eco Ventures (Mangrove Kayak Tour),0.330330262,0,0.27369782,0.898982259
EX19,Borneo Happy Farm,0.330201225,0,0.3381187,0.721179704
EX163,Penang Street Art,0.329745333,0,0.3632881,0.649684346
EX13,Bazar Kuih Tradisional Gong Kapas,0.329248017,0,0.45027506,0.407983618
EX78,Kampung Agong Heritage Theme Park,0.327787848,0,0.39749607,0.545825001
EX84,Kampung Laut Cultural Heritage Site,0.327472718,0,0.38503724,0.578511141
EX220,Uncle Wong Happy Farm,0.324719092,0,0.23367819,0.980980426
EX71,Jeruk Madu Pak Ali,0.323800805,0,0.49995017,0.244141084
EX34,Dapo Kueh by Norhayu Kitchen,0.323294794,0,0.45181894,0.373971861
EX28,Chew Jetty,0.321228245,0,0.37269962,0.581217232
EX177,Pusat Pengembangan Tenun Pahang Diraja Kg. Soi,0.320886177,0,0.46047336,0.338129163
EX142,MyPintu Plate,0.319708595,0,0.28954783,0.802286386
EX22,Botanical Gardens Penang,0.31947721,0,0.28762263,0.80642377
EX29,Chillax Paddy Field Sunset Biking,0.317249531,0,0.25417936,0.887254375
EX230,Inakraf Wood Carving,0.31717214,0,0.5766766,0
EX100,Kilang Kerepek Mak Jah,0.316233782,0,0.48216778,0.255207558
EX76,"Kalang Warisan, Serada",0.315237771,0,0.38459957,0.518540048
EX224,Warisan Craft Wood,0.314964801,0,0.57266325,0
EX218,Tropical Spice Garden,0.314494449,0,0.30998278,0.720019582
EX194,"Sky Ladder Pineapple Farm, Port Dickson",0.31292885,0,0.32492146,0.671110202
EX189,Sambal Streets Kuala Lumpur Food Tour with 15+ Tastings,0.311781342,0,0.24155837,0.894621142
EX50,Fusion Wayang Kulit Gallery,0.311740815,0,0.48748592,0.21811783
EX47,Festival Lentera Putrajaya,0.310750861,0,0.4039987,0.442757848
EX56,Hami EcoFarm,0.310446153,0,0.31730163,0.679651249
EX175,Pua Kumbu Tapestries,0.310389138,0,0.446986,0.322734224
EX167,Persembahan Barongan dan Kuda Kepang,0.308254262,0,0.4981852,0.171261976
EX170,Perusahaan Keropok Lekor Hj. Puteh,0.307751255,0,0.4125643,0.404204437
EX155,Ottornest Camp,0.306375937,0,0.31719792,0.659585378
EX151,O Green Durian Farm,0.305821159,0,0.28114635,0.75595331
EX184,Rumah Makan Perpateh,0.304959687,0,0.32960892,0.618373914
EX195,Sky Mirror Sekinchan,0.304575204,0,0.35004422,0.560254377
EX117,Learn Cooking Malaysian Local Cuisine,0.304424076,0,0.3854206,0.462213747
EX61,"Historical, Heritage & Cultural Walks George Town",0.304061753,0,0.18920319,1
EX67,Ikan Bilis Sabarang Sungai Enterprise,0.300086232,0,0.36443108,0.498245667
EX105,Kuala Sepetang Eco Tourism,0.298968653,0,0.2800974,0.724575422
EX120,LoQSakri Agro Farm - Restaurant & Cafe,0.296973259,0,0.3367784,0.558725675
EX196,Songket Weaving Memento Experience,0.295686928,0,0.42037776,0.322395772
EX102,Koisaan Cultural Village,0.295598365,0,0.31892115,0.60095865
EX154,Open Traditional Dance Class,0.295084426,0,0.33326897,0.558932472
EX45,Explore the Origin of Kuala Lumpur with a Local,0.293673074,0,0.29692444,0.651823163
EX55,Gani Famous Pasembur,0.293008514,0,0.38527817,0.405527616
EX41,Eco Tourism Kampung Sungai Melayu,0.289549699,0,0.26738292,0.71244548
EX225,Wau Fun Run,0.288851358,0,0.29273224,0.63924309
EX160,Pasembur King (Hussain),0.286677527,0,0.39616582,0.343931626
EX83,Kampung Kuantan Fireflies Park,0.2862312,0,0.3033451,0.596956886
EX02,Air Terjun Takah Pengkoi,0.283471711,0,0.32697347,0.51818151
EX79,Kampung Bilit Homestay,0.282940214,0,0.34357035,0.469882587
EX48,Festival Wayang Wong 2025,0.282304365,0,0.3574838,0.428441332
EX30,Choley Kampung Warna Warni Kuala Perlis,0.28228745,0,0.29411685,0.602615853
EX200,Sungai Lima Pulau Ketam Eco Tour,0.279578803,0,0.30892444,0.548351769
EX65,Homestay Water Village Patau-Patau 2,0.277848981,0,0.2778542,0.625145845
EX96,Keropok Lekor Ori Terengganu No. 1,0.276514286,0,0.35007742,0.419858516
EX149,Nomad Adventure Sdn Bhd,0.275648915,0,0.26566818,0.647657031
EX138,Monsopiad Heritage Village,0.27229921,0,0.21154805,0.779738923
EX97,Keropok Lekor Tokku,0.27057265,0,0.31566247,0.484791412
EX129,Marang ATV Eco Tour,0.2699464,0,0.29127362,0.548729543
EX37,Dev's Adventure Tour Sdn Bhd,0.269506947,0,0.2059535,0.78116261
EX144,Nasi Dagang Atas Tol,0.268718081,0,0.28034484,0.572642098
EX137,Miso Walai Homestay & Village Tours,0.26841479,0,0.28555337,0.5568022
EX147,NBA Ledang Foodstuff,0.26791607,0,0.40919766,0.214286753
EX223,Village Farm Day Tour,0.267743471,0,0.30168524,0.509082913
EX31,Cozy Leisure Farm (Bertam Valley),0.267144343,0,0.30325785,0.501762583
EX27,Che Minah Songket,0.259208933,0,0.3940043,0.21253288
EX164,Perencah Mee Bandung Mak Pon,0.258628078,0,0.38890985,0.223638304
EX202,Talula Hill Farm Resort,0.258535424,0,0.1759513,0.808811045
EX134,Mee Siput Kak Chik,0.257385294,0,0.33405933,0.368263326
EX70,Jelita Ostrich Farm,0.257097172,0,0.20553268,0.720270956
EX95,Kerepek Ubi Pedas Zaronah / Tugi,0.256535503,0,0.37933272,0.239512484
EX169,Perusahaan Kerepek Tok Atan,0.256333584,0,0.42426756,0.114932107
EX228,Zaini Salai House,0.255606472,0,0.25553724,0.575304924
EX219,UK Farm Kluang Agro Resort,0.253142216,0,0.25914073,0.553074073
EX143,Naimah Harumanis Perlis Asli,0.25250277,0,0.2688022,0.523307773
EX227,YA Harumanis Perlis Original,0.248257205,0,0.27054766,0.497279914
EX08,Balai Kito Homestay,0.246569377,0,0.30218104,0.401848987
EX222,VH Green Nature Park,0.244352689,0,0.27449262,0.466908693
EX161,Pau Mira Frozen Food Pagoh,0.243845635,0,0.28294533,0.441128505
EX72,Jeti Pak Awang River Cruise,0.243175166,0,0.19950753,0.667230087
EX199,Sumiran Eco Park & Resort,0.24298665,0,0.1699931,0.747452198
EX221,UNESCO Heritage Discovery Ride,0.238855454,0,0.21806057,0.594610698
EX40,Dooran Dooran Orchard Tours,0.238238282,0,0.2786121,0.425008121
EX60,Historical Malacca Day Tour from Kuala Lumpur (Private Tour),0.235502081,0,0.21416835,0.588547411
EX62,Hola Campsite Cameron Highlands,0.234133174,0,0.21424498,0.581492172
EX183,Rumah Laksa Enam Bintang,0.233636225,0,0.3270773,0.268718501
EX82,Kampung Dagat Homestay,0.231626926,0,0.27348083,0.406062296
EX201,Take a Guided Ride on the Wind and Green Malacca,0.229586289,0,0.19206043,0.619765261
EX192,Sekati Emas Boat Tour,0.22506761,0,0.15255724,0.705805619
EX33,Dapako Hill – Lingga Eco Tourism,0.224693325,0,0.20102438,0.570649561
EX139,Murug Turug Eco Tourism,0.224482735,0,0.1596636,0.68333874
EX66,Hunter Boat Service,0.219747006,0,0.19346467,0.566707175
EX148,Nohutu Ecotourism,0.219732895,0,0.20513976,0.534530129
EX01,A’moss,0.214900683,0,0.1701256,0.606657989
EX38,D'Impian Agro Farm,0.213275701,0,0.21872982,0.464871492
EX178,Restoran Selera Nogori,0.210788254,0,0.1969283,0.512388404
EX43,Experience Mountain Village Life 3D2N Tour,0.210091664,0,0.1747761,0.569824011
EX106,Kuan Wellness Ecopark,0.206922464,0,0.2508477,0.34478117
EX217,Treegrow Camp,0.205249016,0,0.14702776,0.621918725
EX42,Eko-Pelancongan Kg. Kolosunan,0.198816213,0,0.16846247,0.530809254
EX21,Bot Ronda Murah Tasik Santuari Hopping,0.197761264,0,0.17673041,0.502797681
EX85,Kampung Padi,0.197149212,0,0.2390376,0.32839266
EX198,Stong Heritage Eco Resort,0.19443429,0,0.16999725,0.504679033
EX186,Ruza Agrotech,0.1899991,0,0.24554038,0.274759439
EX35,Darau Wetland Eco Tourism,0.189703461,0,0.14480965,0.550290773
EX211,The Backyard Glamping Cameron Highlands,0.188581624,0,0.11472743,0.627407696
EX171,Pine Valley Vila & Camper Site,0.188482332,0,0.1870928,0.427906454
EX101,Kiulu Farmstay,0.185494648,0,0.08973769,0.680694587
EX208,Teratak Rimba Amir,0.17934159,0,0.2596176,0.182759565
EX229,Zakka Campsite,0.176741183,0,0.15322909,0.462325924
EX118,Learning Traditional Dance,0.172661632,0,0.31393024,0
EX03,Annah Rais Longhouse Visit,0.165755856,0,0.15881287,0.392043905
EX165,Perlis Vineyard,0.158600496,0,0.09381679,0.53500631
EX159,Parit Falls Campsite,0.154537229,0,0.078041755,0.558071312
EX119,Live like Local 2D1N Tour,0.152461882,0,0.08733179,0.522146984
EX203,Taman Eko Rimba Sungai Pauh,0.139180467,0,0.2530554,0
EX24,Cameron Highlands Day Tour from Ipoh with Mossy Forest,0.1323882,0,0,0.661941002
EX115,Lata Kashmir View,0.11703013,0,0.003882543,0.574473657
EX05,Azahari Boat Services,0.106320351,0,0.19330972,0
